<?xml version="1.0" encoding="UTF-8" standalone="yes"?>
<addon id="repository.OldQueenTv" name="OldQueenTv Repo" version="2.1.0" provider-name="DaQueenQueen Y JaviR">
    <extension point="xbmc.addon.repository" name="OldQueenTv Repo">
        <info compressed="false">https://raw.githubusercontent.com/jacksxxx/RepositorioOldQueenTv/master/_repo/addons.xml</info>
        <checksum>https://raw.githubusercontent.com/jacksxxx/RepositorioOldQueenTv/master/_repo/addons.xml.md5</checksum>
        <datadir zip="true">https://raw.githubusercontent.com/jacksxxx/RepositorioOldQueenTv/master/_repo/</datadir>
    </extension>
    <extension point="xbmc.addon.metadata">
        <summary>Repositorio del addon</summary>
        <description></description>
        <disclaimer></disclaimer>
        <platform>all</platform>
    </extension>
</addon>
